author,title,number_of_comments,created_time,post_text,url
netflix,"The ENTIRE 3 Body Problem S1 timeline, here at your disposal.",2,2024-03-29 19:06:04+00:00,,https://i.redd.it/qyllb2qanbrc1.png
netflix,"The ENTIRE 3 Body Problem S1 timeline, here at your disposal.",1,2024-03-29 19:03:17+00:00,,https://i.redd.it/55f62pcumbrc1.png
netflix,"The ENTIRE 3 Body Problem S1 timeline, here at your disposal.",0,2024-03-29 19:00:35+00:00,,https://i.redd.it/0p8gxmk1abrc1.png
netflix,the clock is ticking. 3 Body Problem comes to Netflix 3/21,1,2024-03-20 19:00:02+00:00,,https://i.redd.it/zo38rqdpdjpc1.png
netflix,The Bridgerton x Bath & Body Works collection is coming 3/25/24 üå∏ üëë üêù,45,2024-03-15 19:17:32+00:00,,https://www.reddit.com/gallery/1bflzgp
netflix," Trailer for 3 Body Problem, playing on Netflix, March 21st",0,2024-03-07 15:07:31+00:00,,https://v.redd.it/5f02ol7ngxmc1
netflix,The Avatar: The Last Airbender cast finding out they‚Äôve been renewed for a 2nd and 3rd season.,614,2024-03-06 16:00:24+00:00,,https://v.redd.it/0g5imkdbcqmc1
netflix,Netflix has renewed Avatar: The Last Airbender for seasons 2 and 3.,1797,2024-03-06 15:00:19+00:00,,https://i.redd.it/v6wwcg416qmc1.jpeg
netflix,Full Swing Season 2 will be premiering March 6th on Netflix [trailer],2,2024-02-26 17:23:01+00:00,,https://v.redd.it/dzzdjyzorykc1
netflix,Pic of Alex and Martin on set to announce that Virgin River season 6 is back in production,18,2024-02-22 16:03:27+00:00,,https://i.redd.it/vb6irp2zt5kc1.jpeg
netflix,The Final Trailer for the live action Avatar: The Last Airbender: Book 1 (playing on Netflix on 2/22),369,2024-02-20 16:00:03+00:00,,https://v.redd.it/tucq9cfrdrjc1
netflix,"Rafael Nadal and Carlos Alcaraz will be facing off in The Netflix Slam, served LIVE from Las Vegas on March 3, 12:30 PT / 3:30 ET [Trailer]",34,2024-02-15 21:11:10+00:00,,https://v.redd.it/f21kyahgetic1
netflix,[NEW SEASON 3 CLIP] Preview of Penelope and Colin's fight (Season 3 Part 1 premieres May 16 üêù Part 2 June 13),94,2024-02-14 16:30:06+00:00,,https://v.redd.it/2r33p1i3skic1
netflix,all of the episode titles from the new season of FULL SWING (coming March 6),22,2024-02-14 16:01:26+00:00,,https://v.redd.it/j3eabyq8qkic1
netflix,"What‚Äôs Next on Netflix in 2024 (Squid Game, Rebel Moon, The Umbrella Academy, etc)",1,2024-02-01 14:21:19+00:00,,https://v.redd.it/683df231dzfc1
netflix,Behind the Scenes of the Final Season of Cobra Kai From Next on Netflix,202,2024-02-01 14:12:55+00:00,,https://i.redd.it/gw39ygf1fzfc1.jpeg
netflix,Extended Clip of Bridgerton Season 3 from Next on Netflix,164,2024-02-01 14:10:48+00:00,,https://v.redd.it/89fr3vv6ezfc1
netflix,First Look at at Season Four of The Umbrella Academy from Next on Netflix,59,2024-02-01 14:10:45+00:00,,https://i.redd.it/60yi071kezfc1.jpeg
netflix,"[News] What‚Äôs Next on Netflix in 2024 (Squid Game, Rebel Moon, The Umbrella Academy, etc)",1,2024-02-01 14:03:27+00:00,,https://v.redd.it/683df231dzfc1
netflix,[updated info] Netflix is hosting a RSVP-only online sneak peek and Live Q&A for season 3 on Valentines day,10,2024-01-31 17:08:25+00:00,,https://i.redd.it/do7frbv65tfc1.png
netflix,"Official Trailer for AVATAR: THE LAST AIRBENDER, the live action series coming to Netflix February 22nd.",2070,2024-01-23 16:00:14+00:00,,https://v.redd.it/sblvlgtjm7ec1
netflix,"Reddit, if you had a superpowered ai mech suit at your disposal, what would you use it for?",13,2024-01-22 18:42:21+00:00,,https://www.reddit.com/r/AskReddit/comments/19d2vsn/reddit_if_you_had_a_superpowered_ai_mech_suit_at/
netflix,"Netflix is a Joke Fest, a comedy-centric festival, is in Los Angeles, May 2nd to the 12th",14,2023-12-13 17:59:34+00:00,,https://i.redd.it/obyndw0wp36c1.jpg
netflix,"Netflix is a Joke Fest is back again in Los Angeles, May 2nd to the 12th",1,2023-12-13 17:54:51+00:00,,https://i.redd.it/5luvur02p36c1.jpg
netflix,"Netflix is a Joke Festival is in Los Angeles, May 2nd to the 12th",2,2023-12-13 17:54:07+00:00,,https://i.redd.it/skf73tsvo36c1.jpg
netflix,"What to Watch this Weekend | November 17, 2023",2,2023-11-24 20:00:30+00:00,,https://www.netflix.com/tudum/articles/what-to-watch-this-weekend
netflix,"What to Watch this Weekend | November 17, 2023",0,2023-11-17 20:00:07+00:00,,https://www.netflix.com/tudum/articles/what-to-watch-this-weekend
netflix,"trailer for SCOTT PILGRIM TAKES OFF, the anime series coming to Netflix on November 17th. (via #GeekedWeek)",20,2023-11-11 21:45:03+00:00,,https://v.redd.it/88i3xq1daszb1
netflix,bloopers from Season 1 of the One Piece Live Action (via #GeekedWeek),36,2023-11-11 21:40:39+00:00,,https://v.redd.it/mhxjv741aszb1
netflix,"trailer for Terminator: The Anime Series, COMING SOON to Netflix (via #GeekedWeek)",54,2023-11-11 21:28:26+00:00,,https://v.redd.it/r44lr34l9szb1
netflix,"a preview of Devil May Cry from Netflix, Capcom, Studio Mir, and Adi Shankar. coming in 2024. #GeekedWeek",47,2023-11-11 21:26:08+00:00,,https://v.redd.it/2ck3fxjp9szb1
netflix,"a new clip from SONIC PRIME Season 3, coming to Netflix in 2024. (via #GeekedWeek)",189,2023-11-11 21:18:11+00:00,,https://v.redd.it/uh1nqm6q9szb1
netflix,"teaser for DEAD BOY DETECTIVES from the Sandman Universe, coming to Netflix in 2024 (via #GeekedWeek)",38,2023-11-11 21:12:05+00:00,,https://v.redd.it/qxdd12tq9szb1
netflix,"take a peek at the character design for TOMB RAIDER: THE LEGEND OF LARA CROFT, coming soon to Netflix (from #GeekedWeek)",8,2023-11-10 22:15:45+00:00,,https://v.redd.it/0bnkydpk3lzb1
netflix,how they planned the Alucard character design in Castlevania: Nocturne (from #GeekedWeek),5,2023-11-10 22:00:45+00:00,,https://i.redd.it/xbrsozdi5lzb1.png
netflix,"the teaser trailer for the live-action adaptation Yu Yu Hakusho, coming to Netflix December 14th (from #GeekedWeek)",300,2023-11-10 21:56:22+00:00,,https://v.redd.it/sqffs58r1lzb1
netflix,teaser trailer for THE WITCHER: SIRENS OF THE DEEP created with Studio Mir and coming to Netflix in late 2024 ‚öîÔ∏è (from #GeekedWeek),51,2023-11-10 21:52:03+00:00,,https://v.redd.it/2r1fr87p2lzb1
netflix,"Doug Cockle will be voicing Geralt in THE WITCHER: SIRENS OF THE DEEP, coming to Netflix late 2024 (from #GeekedWeek)",36,2023-11-10 21:50:56+00:00,,https://v.redd.it/h2tuajus2lzb1
netflix,teaser for MASTERS OF THE UNIVERSE: REVOLUTION (coming soon to Netflix) (from #GeekedWeek),45,2023-11-10 21:26:51+00:00,,https://v.redd.it/azltrll76lzb1
netflix,"here's a sneak peek at 3 Body Problem, coming to Netflix 2024. #GeekedWeek",410,2023-11-10 21:04:51+00:00,,https://v.redd.it/rtgr3phb0lzb1
netflix,"What to Watch this Weekend | November 10, 2023",0,2023-11-10 20:00:08+00:00,,https://www.netflix.com/tudum/articles/what-to-watch-this-weekend
netflix,"the first look at AVATAR: THE LAST AIRBENDER (coming to Netflix on February 22, 2024 #GeekedWeek)",2273,2023-11-09 22:01:46+00:00,,https://v.redd.it/3qdjdgamwdzb1
netflix,Get ready for the final timeline. The Umbrella Academy Season 4 is coming 2024. #GeekedWeek,46,2023-11-09 21:08:11+00:00,,https://i.redd.it/nqj36omi0ezb1.jpg
netflix,[no spoilers] Arcane. Season 2. November 2024. #GeekedWeek,305,2023-11-09 21:02:05+00:00,,https://v.redd.it/4mfiov1jwdzb1
netflix,"What to Watch this Weekend | October 27, 2023",2,2023-10-27 20:00:08+00:00,,https://www.netflix.com/tudum/articles/what-to-watch-this-weekend
netflix,"What to Watch this Weekend | October 20, 2023",1,2023-10-20 19:00:37+00:00,,https://www.netflix.com/tudum/articles/what-to-watch-this-weekend
netflix,"What to Watch this Weekend | October 13, 2023",1,2023-10-13 19:00:04+00:00,,https://www.netflix.com/tudum/articles/what-to-watch-this-weekend
netflix,"Reddit, what are your juiciest workplace romance stories? How did they start, and what were the consequences? [serious]",33,2023-10-06 21:30:15+00:00,,https://www.reddit.com/r/AskReddit/comments/171ocor/reddit_what_are_your_juiciest_workplace_romance/
netflix,"What to Watch this Weekend | October 6, 2023",0,2023-10-06 19:00:06+00:00,,https://www.netflix.com/tudum/articles/what-to-watch-this-weekend
netflix,"What to Watch this Weekend | September 29, 2023",2,2023-09-29 21:44:38+00:00,,https://www.netflix.com/tudum/articles/what-to-watch-this-weekend
netflix,"What to Watch this Weekend | September 22, 2023",0,2023-09-22 18:12:10+00:00,,https://www.netflix.com/tudum/articles/what-to-watch-this-weekend
netflix,"What to Watch This Weekend (September 15, 2023)",5,2023-09-15 19:00:10+00:00,,https://www.netflix.com/tudum/articles/what-to-watch-this-weekend
netflix,Hello! I am Ben Barnes from Netflix's SHADOW AND BONE. Season 2 premieres March 16. Ask me anything!,11,2023-03-13 17:21:40+00:00,,/r/television/comments/11qfjtk/hello_i_am_ben_barnes_from_netflixs_shadow_and/
netflix,Hello! I am Ben Barnes from Netflix's SHADOW AND BONE. Season 2 premieres March 16. Ask me anything!,1,2023-03-13 17:20:46+00:00,,/r/television/comments/11qfjtk/hello_i_am_ben_barnes_from_netflixs_shadow_and/
netflix,"Hello! We are Jamie Payne and Neil Cross the filmmaking team behind Luther: The Fallen Sun starring Idris Elba, Andy Serkis and Cynthia Erivo. We're excited to answer your questions today. AMA!",0,2023-03-07 20:35:05+00:00,,/r/movies/comments/11laexv/hello_we_are_jamie_payne_and_neil_cross_the/
netflix,Early access to the first episode of Full Swing right now via Michelob ULTRA - US only,0,2023-02-13 03:36:47+00:00,,https://www.michelobultra.com/ultraclub
netflix,"Here's the trailer for Full Swing, a golf series coming from the creators of Formula 1: Drive to Survive.",7,2023-02-06 15:11:10+00:00,,https://www.youtube.com/watch?v=eC0npETF4PY
netflix,Full Swing | Trailer. Coming February 15.,2,2023-02-06 15:09:38+00:00,,https://www.youtube.com/watch?v=eC0npETF4PY
netflix,Full Swing | Trailer. Coming February 15.,119,2023-02-06 15:03:26+00:00,,https://v.redd.it/z64v0tvl0lga1
netflix,"Hey all, I'm Rick Linklater, director of ""Dazed and Confused"", ""Slacker"", ""Boyhood"", ""School of Rock"", ""Waking Life"" and most recently, the animated film ""Apollo 10 1/2: A Space Age Childhood"" out on Netflix. ASK ME ANYTHING",1,2023-01-13 18:30:59+00:00,,/r/IAmA/comments/10b1o85/hey_all_im_rick_linklater_director_of_dazed_and/
netflix,"I'm Scott Cooper, writer/director of a few films including my newest, THE PALE BLUE EYE starring Christian Bale. AMA!",0,2023-01-12 17:21:12+00:00,,/r/movies/comments/10a51rv/im_scott_cooper_writerdirector_of_a_few_films/
netflix,"Full Swing, coming February 15",0,2023-01-11 16:04:28+00:00,,https://v.redd.it/c2bt3rzyrfba1
netflix,"From the creators of Formula 1: Drive to Survive, Full Swing is coming to Netflix, February 15.",318,2023-01-11 16:00:18+00:00,,https://v.redd.it/c2bt3rzyrfba1
